{
  "main": {
    "id": "74e7867d52c15e1d",
    "type": "split",
    "children": [
      {
        "id": "1a043d4b46d57690",
        "type": "tabs",
        "children": [
          {
            "id": "2855f8df70acde51",
            "type": "leaf",
            "state": {
              "type": "markdown",
              "state": {
                "file": "Lore/locations/Healers Tent.md",
                "mode": "source",
                "source": false
              },
              "icon": "lucide-file",
              "title": "Healers Tent"
            }
          },
          {
            "id": "88841afd988e2697",
            "type": "leaf",
            "state": {
              "type": "markdown",
              "state": {
                "file": "Lore/locations/Healers Tent.md",
                "mode": "source",
                "source": false
              },
              "icon": "lucide-file",
              "title": "Healers Tent"
            }
          },
          {
            "id": "3bd5e0fce48f0db6",
            "type": "leaf",
            "state": {
              "type": "markdown",
              "state": {
                "file": "NPCs/enemies/warg.md",
                "mode": "source",
                "source": false
              },
              "icon": "lucide-file",
              "title": "warg"
            }
          }
        ],
        "currentTab": 2
      }
    ],
    "direction": "vertical"
  },
  "left": {
    "id": "899e110434ca50c0",
    "type": "split",
    "children": [
      {
        "id": "f2323081e7790605",
        "type": "tabs",
        "children": [
          {
            "id": "ccd51ab4eeeee7a5",
            "type": "leaf",
            "state": {
              "type": "file-explorer",
              "state": {
                "sortOrder": "alphabetical",
                "autoReveal": false
              },
              "icon": "lucide-folder-closed",
              "title": "Files"
            }
          },
          {
            "id": "7b50f484aabaac0a",
            "type": "leaf",
            "state": {
              "type": "search",
              "state": {
                "query": "tag:#ai-added",
                "matchingCase": false,
                "explainSearch": false,
                "collapseAll": false,
                "extraContext": false,
                "sortOrder": "alphabetical"
              },
              "icon": "lucide-search",
              "title": "Search"
            }
          },
          {
            "id": "bee60ee69f43d5d2",
            "type": "leaf",
            "state": {
              "type": "bookmarks",
              "state": {},
              "icon": "lucide-bookmark",
              "title": "Bookmarks"
            }
          }
        ]
      }
    ],
    "direction": "horizontal",
    "width": 300
  },
  "right": {
    "id": "e8ea2de80877b6dc",
    "type": "split",
    "children": [
      {
        "id": "e2aa8654d5a5b815",
        "type": "tabs",
        "children": [
          {
            "id": "281c19f27332423c",
            "type": "leaf",
            "state": {
              "type": "backlink",
              "state": {
                "file": "NPCs/enemies/warg.md",
                "collapseAll": true,
                "extraContext": false,
                "sortOrder": "alphabetical",
                "showSearch": false,
                "searchQuery": "",
                "backlinkCollapsed": false,
                "unlinkedCollapsed": true
              },
              "icon": "links-coming-in",
              "title": "Backlinks for warg"
            }
          },
          {
            "id": "5ebd0df21eed9b33",
            "type": "leaf",
            "state": {
              "type": "outgoing-link",
              "state": {
                "file": "sessions/session 0.md",
                "linksCollapsed": false,
                "unlinkedCollapsed": true
              },
              "icon": "links-going-out",
              "title": "Outgoing links from session 0"
            }
          },
          {
            "id": "dadda49d8eb65d79",
            "type": "leaf",
            "state": {
              "type": "tag",
              "state": {
                "sortOrder": "frequency",
                "useHierarchy": true,
                "showSearch": false,
                "searchQuery": ""
              },
              "icon": "lucide-tags",
              "title": "Tags"
            }
          },
          {
            "id": "c6ce929ce90f79cd",
            "type": "leaf",
            "state": {
              "type": "all-properties",
              "state": {
                "sortOrder": "frequency",
                "showSearch": false,
                "searchQuery": ""
              },
              "icon": "lucide-archive",
              "title": "All properties"
            }
          },
          {
            "id": "dafd42c600e7de18",
            "type": "leaf",
            "state": {
              "type": "outline",
              "state": {
                "file": "NPCs/enemies/warg.md",
                "followCursor": false,
                "showSearch": false,
                "searchQuery": ""
              },
              "icon": "lucide-list",
              "title": "Outline of warg"
            }
          }
        ],
        "currentTab": 4
      }
    ],
    "direction": "horizontal",
    "width": 300
  },
  "left-ribbon": {
    "hiddenItems": {
      "switcher:Open quick switcher": false,
      "graph:Open graph view": false,
      "canvas:Create new canvas": false,
      "daily-notes:Open today's daily note": false,
      "templates:Insert template": false,
      "command-palette:Open command palette": false,
      "bases:Create new base": false
    }
  },
  "active": "ccd51ab4eeeee7a5",
  "lastOpenFiles": [
    "Lore/locations/The Drunken Dragon.md",
    "Items/Black Hand Insignia.md",
    "Lore/factions/the black hand.md",
    "NPCs/enemies/Talor Scalefist.md",
    "Quests/dragon_cult_investigation/events/session_2.md",
    "Quests/dragon_cult_investigation/events/session_1.md",
    "Quests/dragon_cult_investigation/events/session_0.md",
    "Players/Old Man Kraven.md",
    "Items/Morning Star.md",
    "Players/Kake Shade.md",
    "Lore/locations/Barracks.md",
    "index.md",
    "Lore/locations/Healers Tent.md",
    "Lore/npcs/Araxa.md",
    "NPCs/enemies/warg.md",
    "NPCs/indifferent/Barracks Commander.md",
    "Barracks.md",
    "Battle Axe.md",
    "Untitled.canvas",
    "Items/Battle Axe.md",
    "Quests/dragon_cult_investigation/dragon_cult_investigation_overview.md",
    "Dragon Cult Investigation.md",
    "Lore/locations/garondio/Garondio.md",
    "Lore/npcs/Ezra.md",
    "NPCs/indifferent/Eraliea.md",
    "Lore/Dragons.md",
    "Quests/unknown quest/Dragon Cult Investigation.md",
    "Quests/dragon_cult_investigation/events",
    "Quests/dragon_cult_investigation",
    "Untitled",
    "NPCs/enemies",
    "Pasted image 20251211024456.png",
    "NPCs/indifferent",
    "Lore/locations/garondio",
    "Lore/deities",
    "Lore/factions",
    "Lore/npcs",
    "Lore/locations"
  ]
}